cle,nom_affiche,ville,quartier,latitude,longitude,precision
DSNISI,Direction du Système National d'Information Sanitaire et de l'Informatique (DSNISI),Lomé,Ministère de la Santé,6.1360,1.2120,siège présumé (à confirmer)
IH,Integrate Health (Santé Intégrée),Kara,,9.5510,1.1860,ville présumée (à confirmer)
INFINITUS,INFINITUS - CLINICAA,Lomé,,6.1700,1.2350,siège présumé à Lomé (à confirmer)
SILINA,SILINA TECH,Lomé,,6.1650,1.2050,siège présumé à Lomé (à confirmer)
CHUK,Centre Hospitalier Universitaire de Kara (CHU-K),Kara,,9.5655,1.1985,localisation connue (approximative)
IPDCP,Instance de Protection des Données à Caractère Personnel (IPDCP),Lomé,,6.1290,1.2170,siège présumé à Lomé (à confirmer)
DOCTAMOB,DOCTAMOB SARL U,Lomé,,6.1750,1.2200,siège présumé à Lomé (à confirmer)
EFHA,efha Digitals SARL,Lomé,,6.1820,1.2100,siège présumé à Lomé (à confirmer)
DOKITAEYES,DokitaEyes Togo,Lomé,,6.1550,1.2400,siège présumé à Lomé (à confirmer)
SPPNDS,Secrétariat Permanent du Plan National de Développement Sanitaire (SP-PNDS),Lomé,,6.1380,1.2160,siège présumé à Lomé (à confirmer)
PHARMACIZ,Pharmaciz,Lomé,,6.1600,1.2150,siège présumé à Lomé (à confirmer)
VCARE,Vcare,Lomé,,6.1480,1.2300,siège présumé à Lomé (à confirmer)
NUKAFU,Centre de Santé Nukafu,Lomé,Nukafu,6.1530,1.2200,quartier connu (approximatif)
DEVEGO,CMS Dévégo,Lomé,Dévégo,6.1560,1.2560,quartier connu (approximatif)
CSL,Centre de Santé de Lomé,Lomé,,6.1330,1.2230,siège présumé à Lomé (à confirmer)
GBETSOGBE,CMS Gbetsogbé,Lomé,Gbetsogbé,6.1780,1.2160,quartier connu (approximatif)
ADETIKOPE,CMS Adétikopé,Adétikopé,Adétikopé,6.3040,1.2050,quartier connu (approximatif)
GBENYEDJI,CMS Gbényédji,Lomé,Gbényédji,6.1700,1.1820,quartier connu (approximatif)
ADAWLATO,CMS Adawlato,Lomé,Adawlato,6.1290,1.2240,quartier connu (approximatif)
TOHIA,Togo Health Informatics Association (ToHIA),Lomé,,6.1450,1.2050,siège présumé à Lomé (à confirmer)
KATANGA,CMS Katanga,Lomé,Katanga,6.1400,1.2880,quartier connu (approximatif)
KODJOVIAKOPE,CMS Kodjoviakopé,Lomé,Kodjoviakopé,6.1260,1.2070,quartier connu (approximatif)
BEATTIKOUME,CMS Bè Attikoumé,Lomé,Bè Attikoumé,6.1450,1.2450,quartier connu (approximatif)
INTISANTE,IntiSanté,Lomé,,6.1680,1.2250,siège présumé à Lomé (à confirmer)
NITCH,New Innovation Technological Corporation (Nitch-Corp),Lomé,,6.1580,1.1980,siège présumé à Lomé (à confirmer)
MEDILINK,MEDILINK,Lomé,,6.1850,1.2300,siège présumé à Lomé (à confirmer)
CMS,CMS (nom non précisé),Lomé,,6.1400,1.2000,localisation non renseignée (Lomé par défaut)
GMI,Groupe Menadel International (GMI),Lomé,,6.1520,1.2100,siège présumé à Lomé (à confirmer)
